Ticker,Industry Name,Company Name,Sub-sector,Market Capitalization
GIAA,Airlines,PT Garuda Indonesia (Persero) Tbk Class B,Airlines / Code: K111,27.28 T IDR
JSMR,Transportation,PT Jasa Marga (Persero) Tbk Class B,Not in source,21.7 T IDR
TCPI,Transportation,PT Transcoal Pacific,Not in source,11.3 T IDR
CMNP,Transportation,PT Citra Marga Nusaphala Persada Tbk,Not in source,9.54 T IDR
RMKE,Transportation,PT RMK Energy Tbk,Not in source,9.23 T IDR
TMAS,Transportation,PT Temas Tbk,Logistics & Deliveries / Code: K211,8.22 T IDR
ELPI,Transportation,PT Pelayaran Nasional Ekalya Purnamasari Tbk,Logistics & Deliveries / Code: K211,8.2 T IDR
GMFI,Transportation,PT Garuda Maintenance Facility Aero Asia Tbk,Not in source,7.49 T IDR
BULL,Transportation,PT Buana Lintas Lautan Tbk,Not in source,6.74 T IDR
SHIP,Transportation,PT Sillo Maritime Perdana Tbk,Not in source,6.36 T IDR
SMDR,Transportation,PT Samudera Indonesia Tbk,Logistics & Deliveries / Code: K211,5.67 T IDR
HATM,Logistics & Deliveries,PT Habco Trans Maritima Tbk,Logistics & Deliveries / Code: K211,5.34 T IDR
SOCI,Transportation,PT Soechi Lines Tbk,Not in source,5.31 T IDR
MBSS,Transportation,PT Mitrabahtera Segara Sejati Tbk,Not in source,4.97 T IDR
BIRD,Road Transportation,PT Blue Bird Tbk,Road Transportation / Code: K132,4.08 T IDR
CASS,Transportation,PT Cahaya Aero Services Tbk,Not in source,3.84 T IDR
CBRE,Transportation,PT Cakra Buana Resources Energi Tbk,Not in source,3.49 T IDR
BESS,Transportation,PT Batulicin Nusantara Maritim Tbk,Not in source,3.13 T IDR
GTSI,Transportation,PT GTS Internasional,Not in source,2.71 T IDR
HUMI,Transportation,PT Humpuss Maritim Internasional Tbk,Not in source,2.6 T IDR
WINS,Transportation,PT Wintermar Offshore Marine Tbk,Not in source,2.58 T IDR
PORT,Transportation,PT Nusantara Pelabuhan Handal Tbk,Not in source,2.5 T IDR
ASSA,Road Transportation,PT Adi Sarana Armada Tbk,Road Transportation / Code: K132,2.36 T IDR
IPCC,Transportation,PT Indonesia Kendaraan Terminal Tbk,Not in source,2.09 T IDR
PSSI,Transportation,PT IMC Pelita Logistik Tbk,Not in source,1.85 T IDR
TPMA,Transportation,PT Trans Power Marine Tbk,Not in source,1.72 T IDR
IPCM,Transportation,PT Jasa Armada Indonesia Tbk,Not in source,1.54 T IDR
PSAT,Passenger Marine Transportation,PT Pancaran Samudera Transport Tbk,Transportation,1.34 T IDR
BLOG,Logistics & Deliveries,PT Trimitra Trans Persada Tbk,Logistics & Deliveries / Code: K211,1.29 T IDR
TAMU,Transportation,PT Pelayaran Tamarin Samudra Tbk,Not in source,1.05 T IDR
BBRM,Transportation,PT Pelayaran Nasional Bina Buana Raya Tbk,Not in source,1.01 T IDR
BSML,Transportation,PT Bintang Samudera Mandiri Lines Tbk,Not in source,962.12 B IDR
MITI,Logistics & Deliveries,PT Mitra Investindo Tbk Class A,Logistics & Deliveries / Code: K211,847.62 B IDR
BLTA,Logistics & Deliveries,PT Berlian Laju Tanker Tbk,Logistics & Deliveries / Code: K211,829.09 B IDR
SAFE,Road Transportation,PT Steady Safe Tbk,Road Transportation / Code: K132,718.56 B IDR
GTRA,Logistics & Deliveries,PT Grahaprima Suksesmandiri Tbk,Logistics & Deliveries / Code: K211,515.27 B IDR
NELY,Logistics & Deliveries,PT Pelayaran Nelly Dwi Putri Tbk,Logistics & Deliveries / Code: K211,502.9 B IDR
HAIS,Logistics & Deliveries,PT Hasnur Internasional Shipping Tbk,Logistics & Deliveries / Code: K211,496.36 B IDR
BOAT,Transportation,PT Newport Marine Services Tbk,Not in source,486.73 B IDR
TRUK,Logistics & Deliveries,PT Guna Timur Raya Tbk,Logistics & Deliveries / Code: K211,467.63 B IDR
RIGS,Transportation,PT Rig Tenders Indonesia Tbk,Not in source,435.53 B IDR
PPGL,Logistics & Deliveries,PT Prima Globalindo Logistik Tbk,Logistics & Deliveries / Code: K211,360.91 B IDR
MPXL,Logistics & Deliveries,PT MPX Logistics International Tbk,Logistics & Deliveries / Code: K211,328 B IDR
KLAS,Logistics & Deliveries,PT Pelayaran Kurnia Lautan Semesta Tbk,Logistics & Deliveries / Code: K211,317.06 B IDR
SAPX,Logistics & Deliveries,PT Satria Antaran Prima Tbk,Logistics & Deliveries / Code: K211,226.67 B IDR
SDMU,Logistics & Deliveries,PT Sidomulyo Selaras Tbk,Logistics & Deliveries / Code: K211,207.06 B IDR
PURA,Logistics & Deliveries,PT Putra Rajawali Kencana Tbk,Logistics & Deliveries / Code: K211,201.66 B IDR
HELI,Airlines,PT Jaya Trishindo Tbk,Airlines / Code: K111,168.24 B IDR
WEHA,Road Transportation,PT WEHA Transportasi Indonesia Tbk,Road Transportation / Code: K132,164.95 B IDR
LAJU,Logistics & Deliveries,PT Jasa Berdikari Logistics Tbk,Logistics & Deliveries / Code: K211,161.25 B IDR
PTIS,Transportation,PT Indo Straits Tbk,Not in source,139.74 B IDR
JAYA,Logistics & Deliveries,PT Armada Berjaya Trans Tbk,Logistics & Deliveries / Code: K211,135.74 B IDR
TAXI,Road Transportation,PT Express Transindo Utama Tbk,Road Transportation / Code: K132,132.91 B IDR
KJEN,Logistics & Deliveries,PT Krida Jaringan Nusantara Tbk,Logistics & Deliveries / Code: K211,81.5 B IDR
TNCA,Logistics & Deliveries,PT Trimuda Nuansa Citra Tbk,Logistics & Deliveries / Code: K211,75.05 B IDR
LRNA,Road Transportation,PT Eka Sari Lorena Transport Tbk,Road Transportation / Code: K132,68.95 B IDR
CMPP,Airlines,PT AirAsia Indonesia Tbk,Airlines / Code: K111,Not in source
BPTR,Road Transportation,PT Batavia Prosperindo Trans Tbk,Road Transportation / Code: K132,Not in source
IMJS,Road Transportation,PT Indomobil Multi Jasa Tbk,Road Transportation / Code: K132,Not in source
TRJA,Road Transportation,PT Transkon Jaya Tbk,Road Transportation / Code: K132,Not in source
AKSI,Logistics & Deliveries,PT Mineral Sumberdaya Mandiri Tbk,Logistics & Deliveries / Code: K211,Not in source
DEAL,Logistics & Deliveries,PT Dewata Freightinternational Tbk,Logistics & Deliveries / Code: K211,Not in source
LOPI,Logistics & Deliveries,PT Logisticsplus International Tbk,Logistics & Deliveries / Code: K211,Not in source
MIRA,Logistics & Deliveries,PT Mitra International Resources Tbk,Logistics & Deliveries / Code: K211,Not in source
PJHB,Logistics & Deliveries,PT Pelayaran Jaya Hidup Baru Tbk,Logistics & Deliveries / Code: K211,Not in source
RCCC,Logistics & Deliveries,PT Utama Radar Cahaya Tbk,Logistics & Deliveries / Code: K211,Not in source
WBSA,Logistics & Deliveries,PT BSA Logistics Indonesia Tbk,Logistics & Deliveries / Code: K211,Not in source
PANI,Logistics & Deliveries,Pratama Abadi Nusa Industri Tbk.,Logistics & Deliveries,Not in source