,index,symbol,date,close,open,high,low,volume,market_cap
0,0,GIAA.JK,2026-08-12,74,75,75,70,764410700,30124786083938
1,1,GIAA.JK,2026-08-13,72,75,76,71,355942000,29310602676264
2,2,GIAA.JK,2026-08-14,76,72,78,68,1248689100,30938969491612
3,3,GIAA.JK,2026-08-18,75,77,80,74,555941900,30531877787775
4,4,GIAA.JK,2026-08-19,73,75,76,72,217392700,29717694380101
5,5,GIAA.JK,2026-08-20,74,74,75,72,159869000,30124786083938
6,6,GIAA.JK,2026-08-21,72,74,74,71,184816000,29310602676264
7,7,GIAA.JK,2026-08-24,69,72,73,69,234485100,28089327564753
8,8,GIAA.JK,2026-08-26,63,69,69,62,316407900,25646777341731
9,9,GIAA.JK,2026-08-27,66,62,67,61,132447300,26868052453242
10,10,GIAA.JK,2026-08-28,65,67,67,64,58760100,26460960749405
11,11,GIAA.JK,2026-08-31,65,65,67,64,91091100,26460960749405
12,12,GIAA.JK,2026-09-01,66,65,69,65,216424400,26868052453242
13,13,GIAA.JK,2026-09-02,66,66,66,65,48021900,26868052453242
14,14,GIAA.JK,2026-09-03,70,66,71,66,339367300,28496419268590
15,15,GIAA.JK,2026-09-04,67,70,70,67,139850300,27275144157079
16,16,GIAA.JK,2026-09-07,66,66,67,65,81664200,26868052453242
17,17,GIAA.JK,2026-09-08,67,68,70,67,81329800,27275144157079
18,18,GIAA.JK,2026-09-09,68,67,68,66,44764200,27682235860916
19,0,TMAS.JK,2026-08-12,129,130,132,128,3656900,7359643500000
20,1,TMAS.JK,2026-08-13,129,129,131,127,2142600,7359643500000
21,2,TMAS.JK,2026-08-14,127,129,130,127,903400,7245540500000
22,3,TMAS.JK,2026-08-18,136,127,137,127,14394700,7759004000000
23,4,TMAS.JK,2026-08-19,135,136,138,132,5134600,7701952500000
24,5,TMAS.JK,2026-08-20,136,131,137,131,4625000,7759004000000
25,6,TMAS.JK,2026-08-21,138,135,139,135,7348000,7873107000000
26,7,TMAS.JK,2026-08-24,142,138,143,138,16849100,8101313000000
27,8,TMAS.JK,2026-08-26,135,141,142,134,7916100,7701952500000
28,9,TMAS.JK,2026-08-27,139,135,140,130,7843600,7930158500000
29,10,TMAS.JK,2026-08-28,140,140,144,137,6282200,7987210000000
30,11,TMAS.JK,2026-08-31,140,140,141,137,4131800,7987210000000
31,12,TMAS.JK,2026-09-01,140,140,141,138,2642000,7987210000000
32,13,TMAS.JK,2026-09-02,139,141,141,138,1756900,7930158500000
33,14,TMAS.JK,2026-09-03,143,140,146,139,16409500,8158364500000
34,15,TMAS.JK,2026-09-04,144,145,152,143,29975300,8215416000000
35,16,TMAS.JK,2026-09-07,147,144,150,143,12754200,8386570500000
36,17,TMAS.JK,2026-09-08,147,147,151,146,7494400,8386570500000
37,18,TMAS.JK,2026-09-09,149,148,154,147,19174600,8500673500000
38,0,ELPI.JK,2026-08-12,700,695,715,690,1011400,6667094000000
39,1,ELPI.JK,2026-08-13,700,700,715,680,1325900,6667094000000
40,2,ELPI.JK,2026-08-14,665,700,710,665,1193100,6333739300000
41,3,ELPI.JK,2026-08-18,675,675,695,650,1592200,6428983500000
42,4,ELPI.JK,2026-08-19,690,710,715,670,904600,6571849800000
43,5,ELPI.JK,2026-08-20,680,690,700,670,1159100,6476605600000
44,6,ELPI.JK,2026-08-21,685,680,695,680,709700,6524227700000
45,7,ELPI.JK,2026-08-24,670,685,700,655,1286200,6381361400000
46,8,ELPI.JK,2026-08-26,640,670,675,640,1162500,6095628800000
47,9,ELPI.JK,2026-08-27,670,620,670,615,815000,6381361400000
48,10,ELPI.JK,2026-08-28,675,670,685,650,1201900,6428983500000
49,11,ELPI.JK,2026-08-31,670,675,690,655,746400,6381361400000
50,12,ELPI.JK,2026-09-01,655,670,680,650,1070900,6238495100000
51,13,ELPI.JK,2026-09-02,670,655,675,655,917700,6381361400000
52,14,ELPI.JK,2026-09-03,670,670,680,660,888500,6381361400000
53,15,ELPI.JK,2026-09-04,670,670,675,660,500700,6381361400000
54,16,ELPI.JK,2026-09-07,655,670,675,650,889000,6238495100000
55,17,ELPI.JK,2026-09-08,655,660,675,650,759600,6238495100000
56,18,ELPI.JK,2026-09-09,760,655,775,650,16543200,7238559200000
57,0,WBSA.JK,2026-08-12,655,640,660,635,11800600,5682125000000
58,1,WBSA.JK,2026-08-13,640,655,660,630,6538700,5552000000000
59,2,WBSA.JK,2026-08-14,640,640,645,630,7294700,5552000000000
60,3,WBSA.JK,2026-08-18,645,635,655,635,7393200,5595375000000
61,4,WBSA.JK,2026-08-19,655,640,655,630,7953700,5682125000000
62,5,WBSA.JK,2026-08-20,665,655,665,645,10152900,5768875000000
63,6,WBSA.JK,2026-08-21,715,665,720,660,43657000,6202625000000
64,7,WBSA.JK,2026-08-24,685,715,725,675,17575200,5942375000000
65,8,WBSA.JK,2026-08-26,650,680,685,630,16586500,5638750000000
66,9,WBSA.JK,2026-08-27,675,645,675,635,13635200,5855625000000
67,10,WBSA.JK,2026-08-28,685,670,695,665,13567400,5942375000000
68,11,WBSA.JK,2026-08-31,690,685,705,675,11970600,5985750000000
69,12,WBSA.JK,2026-09-01,705,690,705,680,12139600,6115875000000
70,13,WBSA.JK,2026-09-02,740,710,755,700,31130400,6419500000000
71,14,WBSA.JK,2026-09-03,710,740,740,700,12649500,6159250000000
72,15,WBSA.JK,2026-09-04,695,705,715,685,9643000,6029125000000
73,16,WBSA.JK,2026-09-07,695,695,700,675,10208600,6029125000000
74,17,WBSA.JK,2026-09-08,715,695,720,690,16320800,6202625000000
75,18,WBSA.JK,2026-09-09,725,715,750,710,20641900,6289375000000
76,0,SMDR.JK,2026-08-12,302,302,304,300,5171500,4945431200000
77,1,SMDR.JK,2026-08-13,300,302,302,298,3112700,4912680000000
78,2,SMDR.JK,2026-08-14,302,300,304,298,4121100,4945431200000
79,3,SMDR.JK,2026-08-18,308,304,310,300,11471200,5043684800000
80,4,SMDR.JK,2026-08-19,308,310,312,308,8243800,5043684800000
81,5,SMDR.JK,2026-08-20,310,310,314,308,9850200,5076436000000
82,6,SMDR.JK,2026-08-21,312,312,316,310,6400200,5109187200000
83,7,SMDR.JK,2026-08-24,314,312,314,310,9994900,5141938400000
84,8,SMDR.JK,2026-08-26,308,312,314,306,9803600,5043684800000
85,9,SMDR.JK,2026-08-27,312,306,312,304,8844900,5109187200000
86,10,SMDR.JK,2026-08-28,312,312,314,308,8238000,5109187200000
87,11,SMDR.JK,2026-08-31,320,312,322,312,17034000,5240192000000
88,12,SMDR.JK,2026-09-01,324,320,328,320,14448900,5305694400000
89,13,SMDR.JK,2026-09-02,318,324,326,314,11601600,5207440800000
90,14,SMDR.JK,2026-09-03,348,320,354,320,63737000,5698708800000
91,15,SMDR.JK,2026-09-04,346,350,352,344,21343500,5665957600000
92,16,SMDR.JK,2026-09-07,362,348,370,348,51302800,5927967200000
93,17,SMDR.JK,2026-09-08,362,362,364,356,15986500,5927967200000
94,18,SMDR.JK,2026-09-09,384,370,408,370,116910700,6288230400000
95,0,HATM.JK,2026-08-12,590,565,605,550,21965200,5121200000000
96,1,HATM.JK,2026-08-13,585,590,595,565,14080500,5077800000000
97,2,HATM.JK,2026-08-14,620,585,635,580,41513400,5381600000000
98,3,HATM.JK,2026-08-18,635,615,650,600,32791000,5511800000000
99,4,HATM.JK,2026-08-19,645,635,665,615,49855000,5598600000000
100,5,HATM.JK,2026-08-20,650,635,685,600,48329000,5642000000000
101,6,HATM.JK,2026-08-21,570,650,650,570,24924600,4947600000000
102,7,HATM.JK,2026-08-24,590,555,620,500,10194600,5121200000000
103,8,HATM.JK,2026-08-26,570,590,610,570,11254700,4947600000000
104,9,HATM.JK,2026-08-27,555,565,605,550,30060600,4817400000000
105,10,HATM.JK,2026-08-28,575,555,595,550,13913900,4991000000000
106,11,HATM.JK,2026-08-31,580,575,610,560,15081200,5034400000000
107,12,HATM.JK,2026-09-01,585,580,595,570,20114900,5077800000000
108,13,HATM.JK,2026-09-02,605,585,620,575,54309100,5251400000000
109,14,HATM.JK,2026-09-03,610,605,610,595,14153400,5294800000000
110,15,HATM.JK,2026-09-04,615,610,615,585,40286700,5338200000000
111,16,HATM.JK,2026-09-07,580,615,615,580,5426000,5405600000000
112,17,HATM.JK,2026-09-08,590,580,590,555,16918300,5498800000000
113,18,HATM.JK,2026-09-09,605,585,605,580,15760000,5638600000000
114,0,BIRD.JK,2026-08-12,1630,1620,1635,1610,653700,4078423000000
115,1,BIRD.JK,2026-08-13,1635,1635,1640,1625,476500,4090933500000
116,2,BIRD.JK,2026-08-14,1630,1640,1640,1625,151700,4078423000000
117,3,BIRD.JK,2026-08-18,1650,1630,1670,1625,963700,4128465000000
118,4,BIRD.JK,2026-08-19,1660,1650,1665,1640,677600,4153486000000
119,5,BIRD.JK,2026-08-20,1655,1665,1670,1650,586100,4140975500000
120,6,BIRD.JK,2026-08-21,1645,1670,1670,1640,1266200,4115954500000
121,7,BIRD.JK,2026-08-24,1630,1645,1645,1625,1186500,4078423000000
122,8,BIRD.JK,2026-08-26,1620,1630,1630,1615,1246900,4053402000000
123,9,BIRD.JK,2026-08-27,1625,1620,1630,1615,919100,4065912500000
124,10,BIRD.JK,2026-08-28,1630,1630,1635,1620,743500,4078423000000
125,11,BIRD.JK,2026-08-31,1630,1640,1640,1625,743400,4078423000000
126,12,BIRD.JK,2026-09-01,1630,1635,1640,1625,873000,4078423000000
127,13,BIRD.JK,2026-09-02,1620,1630,1635,1610,814600,4053402000000
128,14,BIRD.JK,2026-09-03,1630,1620,1635,1615,772700,4078423000000
129,15,BIRD.JK,2026-09-04,1630,1635,1640,1625,1006200,4078423000000
130,16,BIRD.JK,2026-09-07,1625,1630,1640,1625,384200,4065912500000
131,17,BIRD.JK,2026-09-08,1620,1625,1630,1620,405000,4053402000000
132,18,BIRD.JK,2026-09-09,1625,1625,1625,1615,429200,4065912500000
133,0,ASSA.JK,2026-08-12,625,630,635,620,2522300,2306960948125
134,1,ASSA.JK,2026-08-13,615,625,630,610,4471100,2270049572955
135,2,ASSA.JK,2026-08-14,630,620,635,615,3704700,2325416635710
136,3,ASSA.JK,2026-08-18,645,630,665,630,14732600,2380783698465
137,4,ASSA.JK,2026-08-19,645,645,660,640,5415800,2380783698465
138,5,ASSA.JK,2026-08-20,645,645,655,640,7908300,2380783698465
139,6,ASSA.JK,2026-08-21,640,655,685,635,20483800,2362328010880
140,7,ASSA.JK,2026-08-24,625,635,640,615,11708500,2306960948125
141,8,ASSA.JK,2026-08-26,610,625,645,610,13941400,2251593885370
142,9,ASSA.JK,2026-08-27,625,610,630,610,4668000,2306960948125
143,10,ASSA.JK,2026-08-28,635,630,650,625,15066200,2343872323295
144,11,ASSA.JK,2026-08-31,635,650,650,630,6506000,2343872323295
145,12,ASSA.JK,2026-09-01,645,635,650,630,9680700,2380783698465
146,13,ASSA.JK,2026-09-02,635,645,650,625,14193900,2343872323295
147,14,ASSA.JK,2026-09-03,640,640,645,630,21849700,2362328010880
148,15,ASSA.JK,2026-09-04,640,640,665,640,23131900,2362328010880
149,16,ASSA.JK,2026-09-07,655,650,665,640,18313900,2417695073635
150,17,ASSA.JK,2026-09-08,650,655,665,650,11227000,2399239386050
151,18,ASSA.JK,2026-09-09,635,655,655,630,18406200,2343872323295
152,0,IMJS.JK,2026-08-12,162,159,163,157,4745300,1757580525000
153,1,IMJS.JK,2026-08-13,158,162,164,156,2935200,1714183475000
154,2,IMJS.JK,2026-08-14,160,158,162,157,1694300,1735882000000
155,3,IMJS.JK,2026-08-18,163,161,163,159,2332700,1768429787500
156,4,IMJS.JK,2026-08-19,167,163,167,161,2970100,1811826837500
157,5,IMJS.JK,2026-08-20,171,168,172,166,6712700,1855223887500
158,6,IMJS.JK,2026-08-21,172,172,175,171,9658100,1866073150000
159,7,IMJS.JK,2026-08-24,173,173,178,173,5070200,1876922412500
160,8,IMJS.JK,2026-08-26,164,173,174,164,4166400,1779279050000
161,9,IMJS.JK,2026-08-27,173,164,173,164,4902900,1876922412500
162,10,IMJS.JK,2026-08-28,169,173,175,169,1720200,1833525362500
163,11,IMJS.JK,2026-08-31,168,173,173,168,1217900,1822676100000
164,12,IMJS.JK,2026-09-01,170,169,172,165,6115400,1844374625000
165,13,IMJS.JK,2026-09-02,169,171,171,166,2387600,1833525362500
166,14,IMJS.JK,2026-09-03,198,200,212,192,108370200,2148153975000
167,15,IMJS.JK,2026-09-04,188,198,200,187,17688000,2039661350000
168,16,IMJS.JK,2026-09-07,188,187,189,183,6037200,2039661350000
169,17,IMJS.JK,2026-09-08,194,190,194,188,5038400,2104756925000
170,18,IMJS.JK,2026-09-09,189,195,195,188,3792600,2050510612500
171,0,BLOG.JK,2026-08-12,384,380,388,380,996400,1297723084800
172,1,BLOG.JK,2026-08-13,382,384,386,378,470200,1290964110400
173,2,BLOG.JK,2026-08-14,386,384,388,380,157700,1304482059200
174,3,BLOG.JK,2026-08-18,382,386,386,380,97100,1290964110400
175,4,BLOG.JK,2026-08-19,382,382,382,378,292800,1290964110400
176,5,BLOG.JK,2026-08-20,380,382,382,378,203400,1284205136000
177,6,BLOG.JK,2026-08-21,382,382,382,378,204800,1290964110400
178,7,BLOG.JK,2026-08-24,384,382,384,378,359000,1297723084800
179,8,BLOG.JK,2026-08-26,380,384,386,376,633100,1284205136000
180,9,BLOG.JK,2026-08-27,384,380,386,380,84600,1297723084800
181,10,BLOG.JK,2026-08-28,382,384,388,380,126900,1290964110400
182,11,BLOG.JK,2026-08-31,382,382,386,380,427600,1290964110400
183,12,BLOG.JK,2026-09-01,384,382,386,380,633400,1297723084800
184,13,BLOG.JK,2026-09-02,378,382,382,378,380400,1277446161600
185,14,BLOG.JK,2026-09-03,380,380,380,378,282400,1284205136000
186,15,BLOG.JK,2026-09-04,382,380,384,378,1098100,1290964110400
187,16,BLOG.JK,2026-09-07,378,380,382,376,896400,1277446161600
188,17,BLOG.JK,2026-09-08,378,378,380,376,384800,1277446161600
189,18,BLOG.JK,2026-09-09,372,380,380,372,1345900,1257169238400
