date,shares_number,insurance_l,corporate_l,pension_fund_l,financial_institutions_l,individual_l,mutual_fund_l,securities_companies_l,foundation_l,other_l,total_l,insurance_f,corporate_f,pension_fund_f,financial_institutions_f,individual_f,mutual_fund_f,securities_companies_f,foundation_f,other_f,total_f,numbers_of_shareholders,change_in_shareholders,symbol
2025-12-30,407091703837.0,413892502.0,7947529787.0,73830974.0,0.0,10162945572.0,297804200.0,62332693.0,9720294.0,321906993.0,19289963015.0,0.0,5923357041.0,0.0,5014816275.0,473172554.0,60327708.0,484938624.0,0.0,983909700.0,12940521902.0,75057.0,-587.0,GIAA.JK
2025-11-28,91480783837.0,419358102.0,7966754887.0,73830974.0,0.0,9954456302.0,351364200.0,62332775.0,9785294.0,321906993.0,19159789527.0,0.0,6055605002.0,0.0,5018061202.0,472997454.0,60327708.0,479794324.0,0.0,983909700.0,13070695390.0,75644.0,-53.0,GIAA.JK
2025-10-31,91480783837.0,410694902.0,8050169787.0,73830974.0,0.0,9727476709.0,315014200.0,63582599.0,10305294.0,321906993.0,18972981458.0,0.0,6225775302.0,0.0,5011938713.0,472832554.0,60327708.0,485418124.0,0.0,983909700.0,13240202101.0,75697.0,10433.0,GIAA.JK
2025-09-30,91480783837.0,413141402.0,8017252187.0,73830974.0,0.0,8916912081.0,249090400.0,62332514.0,10305294.0,321941993.0,18064806845.0,0.0,7207312480.0,0.0,4726746859.0,498966054.0,60327708.0,491204124.0,0.0,1147164961.0,14131722186.0,86130.0,,GIAA.JK
2025-08-29,91480783837.0,421444202.0,7920372254.0,73830974.0,0.0,9328560716.0,248590400.0,62332649.0,10270294.0,321941993.0,18387343482.0,0.0,7249091484.0,0.0,4344496320.0,504334354.0,60327708.0,489000624.0,0.0,1147164961.0,13794415451.0,,,GIAA.JK
2025-07-31,91480783837.0,413141402.0,7883455249.0,73830974.0,0.0,9350294092.0,246090400.0,62332262.0,10270294.0,321941993.0,18361356666.0,0.0,7497991240.0,0.0,4116150380.0,500518354.0,60327708.0,498249624.0,0.0,1147164961.0,13820402267.0,,,GIAA.JK
2025-06-30,91480783837.0,413141402.0,7946671200.0,73830974.0,0.0,9766402319.0,225090400.0,92932187.0,10270294.0,319951993.0,18848290769.0,0.0,7497406340.0,0.0,3602692077.0,498009354.0,60327708.0,527867724.0,0.0,1147164961.0,13333468164.0,,,GIAA.JK
2025-05-28,91480783837.0,413141402.0,7987072700.0,73850974.0,0.0,9903275983.0,186251900.0,187432187.0,9750294.0,317951993.0,19078727433.0,0.0,7506694931.0,0.0,3398042328.0,482387554.0,60327708.0,492648163.0,0.0,1147165280.0,13087265964.0,,,GIAA.JK
2025-04-30,91480783837.0,413141402.0,7928733474.0,74240974.0,0.0,9030242611.0,84178700.0,62332225.0,9750294.0,317951993.0,17920571673.0,0.0,7946643157.0,0.0,3451612148.0,453729654.0,60327708.0,1184998227.0,0.0,1148110830.0,14245421724.0,,,GIAA.JK
2025-03-27,91480783837.0,413141402.0,7921680574.0,74240974.0,0.0,8596565652.0,169279700.0,82332184.0,9750294.0,317951993.0,17584942773.0,0.0,9003592100.0,0.0,3452557809.0,454598754.0,60327708.0,461863484.0,0.0,1148110769.0,14581050624.0,,,GIAA.JK
2025-02-28,91480783837.0,413141402.0,7919222774.0,74240974.0,0.0,8633122252.0,215256900.0,62332362.0,9750294.0,317951993.0,17645018951.0,0.0,9003592100.0,0.0,3452449131.0,469074954.0,60327708.0,440419784.0,0.0,1095110769.0,14520974446.0,,,GIAA.JK
2025-01-31,91480783837.0,413141402.0,7914832774.0,74240974.0,0.0,8627007252.0,233330400.0,62332249.0,9750294.0,317951993.0,17652587338.0,0.0,9003823100.0,0.0,3451394792.0,466346854.0,60327708.0,434038684.0,0.0,1097474921.0,14513406059.0,,,GIAA.JK
2026-08-31,407091703837.0,413892502.0,8147203387.0,67773879.0,0.0,11130770664.0,33714200.0,62692409.0,9722794.0,317941993.0,20183711828.0,0.0,5538956015.0,0.0,4817204605.0,522135931.0,14614600.0,469798032.0,0.0,755950070.0,12118659253.0,,,GIAA.JK
2026-07-31,407091703837.0,427877902.0,8132913087.0,70273879.0,0.0,11041685361.0,21714200.0,62312596.0,9723294.0,317941993.0,20084442312.0,0.0,5540999215.0,0.0,4861820060.0,522163331.0,14614600.0,508016113.0,0.0,770315450.0,12217928769.0,70926.0,-540.0,GIAA.JK
2026-06-30,407091703837.0,413892502.0,8131320487.0,70273879.0,0.0,10935237961.0,47104200.0,62312574.0,9722394.0,317941993.0,19987805990.0,0.0,5539566115.0,0.0,4942208309.0,526046831.0,52472781.0,483955627.0,0.0,770315428.0,12314565091.0,71466.0,-1240.0,GIAA.JK
2026-05-29,407091703837.0,413892502.0,8137315487.0,70273879.0,0.0,10979431061.0,46714200.0,62332513.0,9722094.0,317941993.0,20037623729.0,0.0,5538650877.0,0.0,4898972570.0,522139031.0,52472781.0,482196827.0,0.0,770315266.0,12264747352.0,72706.0,-1369.0,GIAA.JK
2026-04-30,407091703837.0,421418102.0,8132666787.0,70273879.0,0.0,10950735200.0,46714200.0,62332491.0,9721794.0,317941993.0,20011804446.0,0.0,5537580777.0,0.0,4813559339.0,522380931.0,78803877.0,482843227.0,0.0,837512223.0,12272680374.0,74075.0,-1882.0,GIAA.JK
2026-03-31,407091703837.0,421540802.0,8119414787.0,73273879.0,0.0,10919702300.0,94783100.0,62332547.0,9720294.0,318022093.0,20018789802.0,0.0,5543012414.0,0.0,4778164931.0,527158031.0,84580663.0,481043542.0,0.0,851735437.0,12265695018.0,75957.0,2588.0,GIAA.JK
2026-02-27,407091703837.0,422481502.0,8032973587.0,73273974.0,0.0,10705994072.0,177954800.0,62332333.0,9720294.0,319941993.0,19804672555.0,0.0,5542183192.0,0.0,5019643600.0,497963731.0,84580663.0,483705642.0,0.0,851735437.0,12479812265.0,73369.0,-1173.0,GIAA.JK
2026-01-30,407091703837.0,422652502.0,8021080087.0,73830974.0,0.0,10662797749.0,179404200.0,62332372.0,9720294.0,321941993.0,19753760171.0,0.0,5546171241.0,0.0,5021534922.0,497227754.0,130293771.0,483761524.0,0.0,851735437.0,12530724649.0,74542.0,-515.0,GIAA.JK
2025-12-30,57051500000.0,1248510600.0,41577943800.0,0.0,0.0,7157403450.0,237529100.0,812017.0,100000.0,0.0,50222298967.0,0.0,69171738.0,0.0,48394655.0,73632550.0,59556800.0,1032067.0,0.0,32694423.0,284482233.0,9795.0,929.0,TMAS.JK
2025-11-28,57051500000.0,1248510600.0,41577615800.0,0.0,0.0,7088010900.0,299017000.0,712017.0,100000.0,447700.0,50214414017.0,0.0,69171738.0,0.0,48759755.0,81094300.0,59556800.0,1090167.0,0.0,32694423.0,292367183.0,8866.0,202.0,TMAS.JK
2025-10-31,57051500000.0,1249673600.0,41577615800.0,0.0,0.0,7067025300.0,312924500.0,712017.0,100000.0,0.0,50208051217.0,0.0,69171738.0,0.0,51302455.0,81094300.0,63375400.0,1091667.0,0.0,32694423.0,298729983.0,8664.0,215.0,TMAS.JK
2025-09-30,57051500000.0,1249673600.0,41577615800.0,0.0,0.0,7065955300.0,313782600.0,612017.0,100000.0,0.0,50207739317.0,0.0,69171738.0,0.0,51887655.0,80823900.0,63375400.0,1088767.0,0.0,32694423.0,299041883.0,8879.0,,TMAS.JK
2025-08-29,57051500000.0,1249673600.0,41577532900.0,0.0,0.0,7056538700.0,325430100.0,712017.0,100000.0,0.0,50209987317.0,0.0,69171738.0,0.0,49631555.0,80823200.0,63375400.0,1097567.0,0.0,32694423.0,296793883.0,,,TMAS.JK
2025-07-31,57051500000.0,1249673600.0,41576081000.0,0.0,0.0,7047731700.0,335838700.0,562017.0,100000.0,0.0,50209987017.0,0.0,69171738.0,0.0,49634055.0,80822800.0,63375400.0,1095767.0,0.0,32694423.0,296794183.0,,,TMAS.JK
2025-06-30,57051500000.0,1249673600.0,41572103600.0,0.0,0.0,7045347400.0,342160400.0,312017.0,100000.0,0.0,50209697017.0,0.0,69271738.0,0.0,48099655.0,80822800.0,65099800.0,1095767.0,0.0,32694423.0,297084183.0,,,TMAS.JK
2025-05-28,57051500000.0,1249673600.0,41568479200.0,0.0,0.0,7047920100.0,342160400.0,377217.0,100000.0,0.0,50208710517.0,0.0,69271650.0,0.0,49108955.0,80822800.0,65075000.0,1097767.0,0.0,32694511.0,298070683.0,,,TMAS.JK
2025-04-30,57051500000.0,1249673600.0,41568180700.0,0.0,0.0,7041403900.0,348660400.0,177217.0,100000.0,0.0,50208195817.0,0.0,69271650.0,0.0,49664755.0,80772800.0,65056200.0,1125467.0,0.0,32694511.0,298585383.0,,,TMAS.JK
2025-03-27,57051500000.0,1251370800.0,41565904200.0,0.0,0.0,7039109000.0,351545000.0,177217.0,100000.0,0.0,50208206217.0,0.0,69271650.0,0.0,48848255.0,80773800.0,65891000.0,1095767.0,0.0,32694511.0,298574983.0,,,TMAS.JK
2025-02-28,57051500000.0,1252759800.0,41565829200.0,0.0,0.0,7036681300.0,351997600.0,177217.0,100000.0,0.0,50207545117.0,0.0,69271650.0,0.0,49184655.0,80772800.0,66216700.0,1095767.0,0.0,32694511.0,299236083.0,,,TMAS.JK
2025-01-31,57051500000.0,1252759800.0,41563958500.0,0.0,0.0,7037907700.0,353888200.0,177217.0,100000.0,0.0,50208791417.0,0.0,69671650.0,0.0,48049655.0,80661500.0,66216700.0,695767.0,0.0,32694511.0,297989783.0,,,TMAS.JK
2026-08-31,57051500000.0,1236539600.0,41582415400.0,0.0,0.0,7237380200.0,188376200.0,390267.0,100000.0,0.0,50245201667.0,0.0,65688750.0,0.0,52539755.0,74104650.0,55961400.0,1498067.0,0.0,11786911.0,261579533.0,,,TMAS.JK
2026-07-31,57051500000.0,1236539600.0,41578195400.0,0.0,0.0,7240783200.0,188376200.0,427367.0,100000.0,0.0,50244421767.0,0.0,65688750.0,0.0,53249055.0,74164650.0,55961400.0,1508667.0,0.0,11786911.0,262359433.0,13259.0,-398.0,TMAS.JK
2026-06-30,57051500000.0,1236539600.0,41578165400.0,0.0,0.0,7238686800.0,188376200.0,392167.0,100000.0,0.0,50242260167.0,0.0,65688750.0,0.0,55422955.0,74164650.0,55961400.0,1496367.0,0.0,11786911.0,264521033.0,13657.0,-409.0,TMAS.JK
2026-05-29,57051500000.0,1236539600.0,41578312800.0,0.0,0.0,7235433300.0,188376200.0,692167.0,100000.0,0.0,50239454067.0,0.0,65688838.0,0.0,58303055.0,74164650.0,55944300.0,1439467.0,0.0,11786823.0,267327133.0,14066.0,-193.0,TMAS.JK
2026-04-30,57051500000.0,1236539600.0,41578364800.0,0.0,0.0,7234857150.0,188376200.0,592117.0,100000.0,0.0,50238829867.0,0.0,65688838.0,0.0,58914755.0,74164650.0,55961400.0,1434867.0,0.0,11786823.0,267951333.0,14259.0,-257.0,TMAS.JK
2026-03-31,57051500000.0,1236539600.0,41578214800.0,0.0,0.0,7225756450.0,189141400.0,550617.0,100000.0,0.0,50230302867.0,0.0,67688838.0,0.0,60916355.0,73964650.0,60242400.0,1879267.0,0.0,11786823.0,276478333.0,14516.0,-327.0,TMAS.JK
2026-02-27,57051500000.0,1236539600.0,41578706400.0,0.0,0.0,7206050850.0,189141400.0,1157717.0,100000.0,0.0,50211695967.0,0.0,69348838.0,0.0,73598755.0,73955450.0,61829500.0,4565867.0,0.0,11786823.0,295085233.0,14843.0,-666.0,TMAS.JK
2026-01-30,57051500000.0,1236539600.0,41578347300.0,0.0,0.0,7212718050.0,189141400.0,1750717.0,100000.0,0.0,50218597067.0,0.0,70671738.0,0.0,63322855.0,74862350.0,61829500.0,1144767.0,0.0,16352923.0,288184133.0,15509.0,5714.0,TMAS.JK
2025-12-30,7412000000.0,0.0,711584600.0,0.0,0.0,205082500.0,0.0,100.0,0.0,0.0,916667200.0,0.0,758300.0,5036800.0,183663400.0,219000.0,564100.0,283500.0,0.0,4807700.0,195332800.0,1870.0,101.0,ELPI.JK
2025-11-28,7412000000.0,0.0,711584600.0,0.0,0.0,206407100.0,0.0,100.0,0.0,0.0,917991800.0,0.0,454500.0,5036800.0,182926100.0,219000.0,564100.0,0.0,0.0,4807700.0,194008200.0,1769.0,245.0,ELPI.JK
2025-10-31,7412000000.0,0.0,711518600.0,0.0,0.0,204401600.0,0.0,100.0,0.0,0.0,915920300.0,0.0,429600.0,5167500.0,183413800.0,219000.0,2026100.0,500.0,0.0,4823200.0,196079700.0,1524.0,-27.0,ELPI.JK
2025-09-30,7412000000.0,0.0,711513600.0,0.0,0.0,204307400.0,0.0,388700.0,0.0,0.0,916209700.0,0.0,429600.0,5167500.0,182863500.0,230300.0,2026100.0,100.0,0.0,5073200.0,195790300.0,1497.0,,ELPI.JK
2025-08-29,7412000000.0,0.0,711507800.0,0.0,0.0,203829800.0,0.0,100.0,0.0,0.0,915337700.0,0.0,429600.0,5167500.0,183985600.0,230300.0,2026100.0,0.0,0.0,4823200.0,196662300.0,,,ELPI.JK
2025-07-31,7412000000.0,0.0,711507800.0,0.0,0.0,200517900.0,0.0,0.0,0.0,0.0,912025700.0,0.0,429600.0,6076600.0,183368900.0,230300.0,2026100.0,0.0,0.0,7842800.0,199974300.0,,,ELPI.JK
2025-06-30,7412000000.0,0.0,711507800.0,0.0,0.0,199997700.0,0.0,0.0,0.0,0.0,911505500.0,0.0,429600.0,6076600.0,183153800.0,230300.0,2026100.0,0.0,0.0,8578100.0,200494500.0,,,ELPI.JK
2025-05-28,7412000000.0,0.0,711507800.0,0.0,0.0,203201500.0,0.0,0.0,0.0,0.0,914709300.0,0.0,429600.0,6076600.0,179949800.0,230300.0,2026100.0,200.0,0.0,8578100.0,197290700.0,,,ELPI.JK
2025-04-30,7412000000.0,0.0,711507800.0,0.0,0.0,203007200.0,0.0,0.0,0.0,0.0,914515000.0,0.0,429600.0,6076600.0,180124000.0,250300.0,2026100.0,300.0,0.0,8578100.0,197485000.0,,,ELPI.JK
2025-03-27,7412000000.0,0.0,711507800.0,0.0,0.0,203828900.0,0.0,0.0,0.0,0.0,915336700.0,0.0,429600.0,6076600.0,179302600.0,250300.0,2026100.0,0.0,0.0,8578100.0,196663300.0,,,ELPI.JK
2025-02-28,7412000000.0,0.0,711507800.0,0.0,0.0,205340800.0,0.0,0.0,0.0,0.0,916848600.0,0.0,429600.0,6076600.0,178022900.0,250300.0,2026100.0,0.0,0.0,8345900.0,195151400.0,,,ELPI.JK
2025-01-31,7412000000.0,0.0,711507800.0,0.0,0.0,204505200.0,0.0,0.0,0.0,0.0,916013000.0,0.0,429600.0,6076600.0,178858500.0,250300.0,2026100.0,0.0,0.0,8345900.0,195987000.0,,,ELPI.JK
2026-08-31,9524420000.0,0.0,8640858682.0,0.0,0.0,435120849.0,0.0,0.0,0.0,0.0,9075979531.0,0.0,0.0,5319898.0,233489589.0,214441.0,0.0,204712500.0,0.0,4704041.0,448440469.0,,,ELPI.JK
2026-07-31,9524420000.0,0.0,8642536082.0,0.0,0.0,433892249.0,0.0,0.0,0.0,0.0,9076428331.0,0.0,0.0,5319898.0,233040789.0,214441.0,0.0,204712500.0,0.0,4704041.0,447991669.0,3988.0,1194.0,ELPI.JK
2026-06-30,7412000000.0,0.0,6818884800.0,0.0,0.0,403169300.0,0.0,100.0,0.0,0.0,7222054200.0,0.0,0.0,4267400.0,181397500.0,213700.0,273700.0,73000.0,0.0,3720500.0,189945800.0,2794.0,133.0,ELPI.JK
2026-05-29,7412000000.0,0.0,713859500.0,0.0,0.0,205405300.0,209300.0,100.0,0.0,0.0,919474200.0,0.0,3800.0,4553300.0,183069200.0,219400.0,564100.0,101900.0,0.0,4014100.0,192525800.0,2661.0,-100.0,ELPI.JK
2026-04-30,7412000000.0,0.0,713673800.0,0.0,0.0,206421500.0,0.0,100.0,0.0,0.0,920095400.0,0.0,186800.0,4553300.0,182098300.0,236400.0,564100.0,73000.0,0.0,4192700.0,191904600.0,2761.0,53.0,ELPI.JK
2026-03-31,7412000000.0,0.0,713633500.0,0.0,0.0,205749600.0,167300.0,100.0,0.0,0.0,919550500.0,0.0,186800.0,5036800.0,181847500.0,216400.0,564100.0,6900.0,0.0,4591000.0,192449500.0,2708.0,534.0,ELPI.JK
2026-02-27,7412000000.0,0.0,713527200.0,0.0,0.0,200827300.0,0.0,100.0,0.0,0.0,914354600.0,0.0,1712500.0,5036800.0,184566500.0,219000.0,564100.0,738800.0,0.0,4807700.0,197645400.0,2174.0,65.0,ELPI.JK
2026-01-30,7412000000.0,0.0,711753800.0,0.0,0.0,203213500.0,0.0,100.0,0.0,0.0,914967400.0,0.0,1419200.0,5036800.0,184598400.0,219000.0,564100.0,387400.0,0.0,4807700.0,197032600.0,2109.0,239.0,ELPI.JK
2026-08-31,8675000000.0,0.0,20295800.0,0.0,0.0,449236100.0,0.0,4517700.0,0.0,0.0,474049600.0,0.0,873770500.0,0.0,207183000.0,60460300.0,96496800.0,88039800.0,0.0,0.0,1325950400.0,,,WBSA.JK
2026-07-31,8675000000.0,0.0,20897500.0,0.0,0.0,476715000.0,0.0,4517700.0,0.0,0.0,502130200.0,0.0,897674700.0,0.0,196813700.0,60460600.0,62027100.0,80893700.0,0.0,0.0,1297869800.0,90916.0,-42023.0,WBSA.JK
2026-06-30,8675000000.0,0.0,20386500.0,0.0,0.0,488240200.0,0.0,1131400.0,0.0,0.0,509758100.0,0.0,897674700.0,0.0,202891800.0,60444400.0,47201200.0,82029800.0,0.0,0.0,1290241900.0,132939.0,-74296.0,WBSA.JK
2026-05-29,8675000000.0,0.0,14406700.0,0.0,0.0,502484500.0,0.0,1036400.0,0.0,0.0,517927600.0,0.0,779035800.0,0.0,340534100.0,60428300.0,21500000.0,80574200.0,0.0,0.0,1282072400.0,207235.0,-358350.0,WBSA.JK
2026-04-30,8675000000.0,0.0,16804300.0,0.0,0.0,536131000.0,0.0,517200.0,0.0,300.0,553452800.0,0.0,779205600.0,0.0,325964200.0,61377400.0,0.0,80000000.0,0.0,0.0,1246547200.0,565585.0,-87496.0,WBSA.JK
2025-12-30,16375600000.0,36577900.0,1032763750.0,203831700.0,0.0,2121406449.0,125649074.0,83703453.0,1.0,28000.0,3603960327.0,0.0,10858368.0,63814714.0,43745970.0,5123700.0,183654006.0,40016867.0,0.0,117129848.0,464343473.0,29167.0,2993.0,SMDR.JK
2025-11-28,16375600000.0,38782100.0,1006371400.0,221982000.0,0.0,2137399999.0,130973374.0,81685353.0,1.0,28000.0,3617222227.0,0.0,9629068.0,68645514.0,31451670.0,5083400.0,182256306.0,34374567.0,0.0,119641048.0,451081573.0,26174.0,55.0,SMDR.JK
2025-10-31,16375600000.0,43918600.0,1011968900.0,223058900.0,0.0,2092137399.0,131763624.0,61501903.0,1.0,28000.0,3564377327.0,0.0,9676468.0,68645514.0,32894770.0,5400500.0,220197406.0,31723167.0,0.0,123018348.0,491556173.0,26119.0,-369.0,SMDR.JK
2025-09-30,16375600000.0,63403900.0,1011345300.0,222081600.0,0.0,2050488199.0,140910251.0,58887176.0,1.0,49500.0,3547165927.0,0.0,11955968.0,68645514.0,22819370.0,5323400.0,221564406.0,54841267.0,0.0,123567648.0,508717573.0,25750.0,,SMDR.JK
2025-08-29,16375600000.0,71910200.0,1004706200.0,222081600.0,0.0,2011556199.0,142303268.0,55179959.0,1.0,49500.0,3507786927.0,0.0,13002668.0,68645514.0,57232970.0,5290400.0,228930806.0,51426567.0,0.0,123567648.0,548096573.0,,,SMDR.JK
2025-07-31,16375600000.0,85546500.0,1001279700.0,225102500.0,0.0,2007296599.0,173561316.0,51846711.0,1.0,49500.0,3544682827.0,0.0,16635668.0,68645514.0,32133370.0,4940400.0,229233806.0,34566967.0,0.0,125044948.0,511200673.0,,,SMDR.JK
2025-06-30,16375600000.0,71056900.0,1001972100.0,225102500.0,0.0,2080861499.0,186693092.0,37844835.0,1.0,49500.0,3603580427.0,0.0,14773968.0,68645514.0,24064970.0,4927400.0,187826406.0,27814667.0,0.0,124250148.0,452303073.0,,,SMDR.JK
2025-05-28,16375600000.0,52292200.0,1023723700.0,215913000.0,0.0,2124825599.0,109391681.0,65176346.0,1.0,49500.0,3591372027.0,0.0,13285953.0,68645514.0,39521270.0,4980400.0,186596806.0,27231267.0,0.0,124250263.0,464511473.0,,,SMDR.JK
2025-04-30,16375600000.0,53265700.0,1016094800.0,215947700.0,0.0,2154535299.0,104806861.0,52768600.0,1.0,49500.0,3597468461.0,0.0,13285853.0,68645514.0,33590070.0,5012100.0,187192372.0,26132667.0,0.0,124556463.0,458415039.0,,,SMDR.JK
2025-03-27,16375600000.0,48071400.0,1013614700.0,215947700.0,0.0,2171185099.0,96869569.0,52831492.0,1.0,49500.0,3598569461.0,0.0,12554753.0,68645514.0,32580270.0,5008700.0,188536272.0,25432067.0,0.0,124556463.0,457314039.0,,,SMDR.JK
2025-02-28,16375600000.0,51064300.0,1013434900.0,215947700.0,0.0,2162928899.0,99315408.0,48142553.0,1.0,49500.0,3590883261.0,0.0,14103853.0,68645514.0,31795270.0,5008200.0,191398372.0,25427867.0,0.0,128621163.0,465000239.0,,,SMDR.JK
2025-01-31,16375600000.0,52715600.0,972787900.0,254847700.0,0.0,2169329399.0,99234580.0,39678581.0,1.0,49500.0,3588643261.0,0.0,14875953.0,72414421.0,31327870.0,5059300.0,191754572.0,25600267.0,0.0,126207856.0,467240239.0,,,SMDR.JK
2026-08-31,16375600000.0,32305400.0,1037280450.0,204282900.0,0.0,2118247199.0,191885939.0,75285933.0,1.0,3372300.0,3662660122.0,0.0,11382800.0,63145169.0,46826723.0,4702400.0,155253181.0,36353067.0,0.0,122377688.0,440041028.0,,,SMDR.JK
2026-07-31,16375600000.0,31681800.0,1035329250.0,204282900.0,0.0,2080074299.0,220771508.0,75475764.0,1.0,3700300.0,3651315822.0,0.0,12031800.0,63145169.0,48656123.0,4702400.0,162875481.0,37596667.0,0.0,122377688.0,451385328.0,30083.0,-75.0,SMDR.JK
2026-06-30,16375600000.0,39595900.0,1034388050.0,206388500.0,0.0,2044086999.0,228156401.0,74382626.0,1.0,3964100.0,3630962577.0,0.0,12031800.0,64287914.0,48175823.0,5031400.0,175100981.0,45305667.0,0.0,121804988.0,471738573.0,30158.0,-380.0,SMDR.JK
2026-05-29,16375600000.0,38662600.0,1030093450.0,206388500.0,0.0,2123162699.0,225431020.0,4507.0,1.0,2896200.0,3626638977.0,0.0,12031815.0,64287914.0,48543323.0,4716400.0,186695533.0,44610967.0,0.0,115176221.0,476062173.0,30538.0,-829.0,SMDR.JK
2026-04-30,16375600000.0,41530900.0,1026406950.0,206388500.0,0.0,2055991199.0,225215055.0,77233372.0,1.0,2565700.0,3635331677.0,0.0,12253568.0,64287914.0,49290970.0,4713400.0,180022706.0,45445267.0,0.0,111155648.0,467169473.0,31367.0,298.0,SMDR.JK
2026-03-31,16375600000.0,36640900.0,1027837850.0,206388500.0,0.0,2035659699.0,230122911.0,79883216.0,1.0,1059500.0,3617592577.0,0.0,14489768.0,62678214.0,62242870.0,4700800.0,186135106.0,47557067.0,0.0,107104748.0,484908573.0,31069.0,-2571.0,SMDR.JK
2026-02-27,16375600000.0,40710000.0,1034368050.0,204582900.0,0.0,2087361199.0,191959391.0,79003036.0,1.0,49500.0,3638034077.0,0.0,11742268.0,60906514.0,47602470.0,5237800.0,184777506.0,43587367.0,0.0,110613148.0,464467073.0,33640.0,-270.0,SMDR.JK
2026-01-30,16375600000.0,38724900.0,1034043850.0,197531700.0,0.0,2069302449.0,165730832.0,74382895.0,1.0,49500.0,3579766127.0,0.0,11898868.0,60906514.0,66876170.0,5132600.0,186287306.0,43759667.0,0.0,113676548.0,488537673.0,33910.0,4743.0,SMDR.JK
2025-12-30,8680000000.0,0.0,2121869961.0,0.0,0.0,877148731.0,0.0,20.0,100.0,0.0,2999018812.0,0.0,2002900.0,0.0,68429888.0,470600.0,673200.0,9404600.0,0.0,0.0,80981188.0,2458.0,49.0,HATM.JK
2025-11-28,8680000000.0,0.0,2120131961.0,0.0,0.0,888690231.0,0.0,20.0,100.0,0.0,3008822312.0,0.0,2168900.0,0.0,57615388.0,287800.0,673200.0,10432400.0,0.0,0.0,71177688.0,2409.0,-159.0,HATM.JK
2025-10-31,8680000000.0,0.0,2054205961.0,0.0,0.0,972257231.0,0.0,20.0,100.0,0.0,3026463312.0,0.0,3900000.0,0.0,42511988.0,287800.0,2004600.0,4832300.0,0.0,0.0,53536688.0,2568.0,-155.0,HATM.JK
2025-09-30,8680000000.0,0.0,2053679261.0,0.0,0.0,966893231.0,0.0,20.0,100.0,0.0,3020572612.0,0.0,84900.0,0.0,56916888.0,287800.0,1805300.0,332500.0,0.0,0.0,59427388.0,2413.0,,HATM.JK
2025-08-29,8680000000.0,0.0,2011213361.0,0.0,0.0,957512731.0,0.0,20.0,100.0,0.0,2968726212.0,0.0,84900.0,0.0,101677288.0,287800.0,1805300.0,7418500.0,0.0,0.0,111273788.0,,,HATM.JK
2025-07-31,8680000000.0,0.0,1974258961.0,0.0,0.0,963005931.0,0.0,120.0,100.0,0.0,2937265112.0,0.0,84900.0,0.0,133480188.0,287800.0,1805300.0,7076700.0,0.0,0.0,142734888.0,,,HATM.JK
2025-06-30,8680000000.0,0.0,1963229061.0,0.0,0.0,948417051.0,0.0,2100.0,100.0,0.0,2911648312.0,0.0,249000.0,0.0,158968188.0,287800.0,1805300.0,7041400.0,0.0,0.0,168351688.0,,,HATM.JK
2025-05-28,7000000000.0,0.0,292799800.0,0.0,0.0,958072900.0,0.0,2100.0,100.0,0.0,1250874900.0,0.0,14800.0,0.0,139915500.0,287800.0,1805300.0,7101700.0,0.0,0.0,149125100.0,,,HATM.JK
2025-04-30,7000000000.0,0.0,300075400.0,0.0,0.0,962438700.0,0.0,802100.0,100.0,0.0,1263316300.0,0.0,14800.0,0.0,129499900.0,287800.0,1805300.0,5075900.0,0.0,0.0,136683700.0,,,HATM.JK
2025-03-27,7000000000.0,0.0,302045700.0,0.0,0.0,953789200.0,0.0,912000.0,100.0,0.0,1256747000.0,0.0,43300.0,0.0,128291100.0,287800.0,1805300.0,12825500.0,0.0,0.0,143253000.0,,,HATM.JK
2025-02-28,7000000000.0,0.0,290060100.0,0.0,0.0,949883500.0,0.0,2000.0,100.0,0.0,1239945700.0,0.0,43300.0,0.0,139969400.0,287800.0,1805300.0,17948500.0,0.0,0.0,160054300.0,,,HATM.JK
2025-01-31,7000000000.0,0.0,315033900.0,0.0,0.0,926549300.0,0.0,2000.0,100.0,0.0,1241585300.0,0.0,564000.0,0.0,142602800.0,287800.0,1805300.0,13154800.0,0.0,0.0,158414700.0,,,HATM.JK
2026-08-31,8680000000.0,0.0,2180458461.0,0.0,0.0,881508331.0,12500.0,20.0,100.0,0.0,3061979412.0,0.0,216400.0,0.0,11613788.0,2329200.0,5000.0,3856200.0,0.0,0.0,18020588.0,,,HATM.JK
2026-07-31,8680000000.0,0.0,2181856461.0,0.0,0.0,888621331.0,12500.0,20.0,100.0,0.0,3070490412.0,0.0,500000.0,0.0,6916388.0,1595700.0,5000.0,492500.0,0.0,0.0,9509588.0,2315.0,62.0,HATM.JK
2026-06-30,8680000000.0,0.0,2189557661.0,0.0,0.0,876377431.0,12500.0,10020.0,100.0,0.0,3065957712.0,0.0,518800.0,0.0,11957588.0,1398800.0,5000.0,162100.0,0.0,0.0,14042288.0,2253.0,-409.0,HATM.JK
2026-05-29,8680000000.0,0.0,2188651661.0,0.0,0.0,866968831.0,12500.0,20.0,100.0,0.0,3055633112.0,0.0,500000.0,0.0,23076788.0,677200.0,5000.0,107900.0,0.0,0.0,24366888.0,2662.0,-99.0,HATM.JK
2026-04-30,8680000000.0,0.0,2139062161.0,0.0,0.0,907611731.0,12500.0,20.0,100.0,0.0,3046686512.0,0.0,500000.0,0.0,32013588.0,670600.0,5000.0,124300.0,0.0,0.0,33313488.0,2761.0,-198.0,HATM.JK
2026-03-31,8680000000.0,0.0,2133388661.0,0.0,0.0,902112531.0,12500.0,20.0,100.0,0.0,3035513812.0,0.0,490000.0,0.0,42819988.0,670500.0,5000.0,500700.0,0.0,0.0,44486188.0,2959.0,-382.0,HATM.JK
2026-02-27,8680000000.0,0.0,2136416961.0,0.0,0.0,901288431.0,0.0,20.0,100.0,0.0,3037705512.0,0.0,490000.0,0.0,40430688.0,670600.0,678200.0,25000.0,0.0,0.0,42294488.0,3341.0,361.0,HATM.JK
2026-01-30,8680000000.0,0.0,2131921461.0,0.0,0.0,877748331.0,0.0,20.0,100.0,0.0,3009669912.0,0.0,50400.0,0.0,62768288.0,670600.0,673200.0,6167600.0,0.0,0.0,70330088.0,2980.0,522.0,HATM.JK
2025-12-30,2502100000.0,23290900.0,511086991.0,5007900.0,0.0,732617086.0,25429300.0,129508.0,0.0,300018.0,1297861703.0,0.0,80024594.0,6609106.0,32956807.0,281400.0,50070097.0,14142718.0,0.0,30133575.0,214218297.0,15667.0,248.0,BIRD.JK
2025-11-28,2502100000.0,23302600.0,510189691.0,4949000.0,0.0,727905386.0,28507100.0,79008.0,765000.0,300018.0,1295997803.0,0.0,79296494.0,6609106.0,34402007.0,281400.0,51273297.0,13884618.0,0.0,30335275.0,216082197.0,15419.0,555.0,BIRD.JK
2025-10-31,2502100000.0,23303900.0,510150791.0,4949000.0,0.0,724192086.0,29270000.0,37008.0,765000.0,18.0,1292667803.0,0.0,79376094.0,6826306.0,38607307.0,269000.0,49000197.0,14665211.0,0.0,30668082.0,219412197.0,14864.0,-114.0,BIRD.JK
2025-09-30,2502100000.0,23319100.0,509991291.0,5239600.0,0.0,723545786.0,30791300.0,81708.0,765000.0,18.0,1293733803.0,0.0,80139994.0,7431506.0,34775107.0,266400.0,49742697.0,14069111.0,0.0,31921382.0,218346197.0,14750.0,,BIRD.JK
2025-08-29,2502100000.0,23354300.0,509967291.0,5125900.0,0.0,721398886.0,31856600.0,13008.0,765000.0,18.0,1292481003.0,0.0,80241136.0,7431506.0,35495265.0,266400.0,49521397.0,14721911.0,0.0,31921382.0,219598997.0,,,BIRD.JK
2025-07-31,2502100000.0,23709900.0,510101191.0,6040000.0,0.0,716676586.0,34177300.0,5508.0,765000.0,18.0,1291475503.0,0.0,78875936.0,7431506.0,38239565.0,286400.0,50254497.0,13595211.0,0.0,31921382.0,220604497.0,,,BIRD.JK
2025-06-30,2502100000.0,23788800.0,502860391.0,5602900.0,0.0,732937686.0,30749600.0,5508.0,765000.0,18.0,1296709903.0,0.0,78498436.0,7012906.0,38455365.0,334600.0,47572797.0,11875046.0,0.0,31620947.0,215370097.0,,,BIRD.JK
2025-05-28,2502100000.0,23835900.0,495722091.0,6908900.0,0.0,742767586.0,33362000.0,5508.0,765000.0,18.0,1303367003.0,0.0,73969200.0,7012906.0,33239465.0,334600.0,50920097.0,11615746.0,0.0,31620983.0,208712997.0,,,BIRD.JK
2025-04-30,2502100000.0,23623400.0,496528091.0,7079200.0,0.0,752860686.0,36180900.0,850616.0,765000.0,18.0,1317887911.0,0.0,58934018.0,7511906.0,33962947.0,338400.0,49886797.0,11445346.0,0.0,32112675.0,194192089.0,,,BIRD.JK
2025-03-27,2502100000.0,24019000.0,499016591.0,7069200.0,0.0,756436286.0,34495400.0,825663.0,765000.0,18.0,1322627158.0,0.0,58704019.0,7712181.0,31641460.0,338400.0,48520961.0,10423146.0,0.0,32112675.0,189452842.0,,,BIRD.JK
2025-02-28,2502100000.0,24838800.0,494000791.0,7059200.0,0.0,756351586.0,35570400.0,825563.0,765000.0,18.0,1319411358.0,0.0,59080030.0,7712181.0,33860538.0,322200.0,49116572.0,10574246.0,0.0,32002875.0,192668642.0,,,BIRD.JK
2025-01-31,2502100000.0,27772100.0,488446391.0,7374200.0,0.0,756094186.0,35295600.0,825463.0,765000.0,18.0,1316572958.0,0.0,59346241.0,7729481.0,37475116.0,369000.0,49473783.0,8793746.0,0.0,32319675.0,195507042.0,,,BIRD.JK
2026-08-31,2502100000.0,17641400.0,514123791.0,5334000.0,0.0,745306086.0,16729600.0,201977.0,0.0,3018.0,1299339872.0,0.0,60132563.0,6180130.0,46433853.0,1339900.0,77847140.0,13677720.0,0.0,7128822.0,212740128.0,,,BIRD.JK
2026-07-31,2502100000.0,17641400.0,511028191.0,5334000.0,0.0,749711986.0,19522400.0,198662.0,0.0,3018.0,1303439657.0,0.0,59961689.0,6180130.0,47483534.0,1339900.0,72473048.0,13677520.0,0.0,7524522.0,208640343.0,15855.0,51.0,BIRD.JK
2026-06-30,2502100000.0,17641400.0,511331991.0,5343000.0,0.0,752793986.0,19975500.0,1162.0,0.0,3018.0,1307090057.0,0.0,60027446.0,6180130.0,46662884.0,477400.0,70101723.0,13675320.0,0.0,7865040.0,204989943.0,15804.0,230.0,BIRD.JK
2026-05-29,2502100000.0,18549200.0,510750391.0,5343000.0,0.0,756029486.0,19620500.0,198636.0,0.0,3018.0,1310494231.0,0.0,78236728.0,6180130.0,39416484.0,361400.0,55118123.0,14175120.0,0.0,8097784.0,201585769.0,15574.0,327.0,BIRD.JK
2026-04-30,2502100000.0,23361000.0,509724591.0,5343000.0,0.0,746939686.0,20789800.0,185344.0,0.0,3018.0,1306346439.0,0.0,79666253.0,6167646.0,30437376.0,361400.0,51040123.0,14917520.0,0.0,23143243.0,205733561.0,15247.0,555.0,BIRD.JK
2026-03-31,2502100000.0,23361000.0,511120591.0,5033000.0,0.0,736819486.0,22972100.0,182089.0,0.0,3018.0,1299491284.0,0.0,79945352.0,6281671.0,35346501.0,361400.0,52178438.0,14918118.0,0.0,23557236.0,212588716.0,14692.0,-207.0,BIRD.JK
2026-02-27,2502100000.0,23361000.0,510867691.0,5033000.0,0.0,734202386.0,23379200.0,172343.0,0.0,303018.0,1297318638.0,0.0,79790572.0,6301671.0,33974301.0,361400.0,49181598.0,15067718.0,0.0,30084102.0,214761362.0,14899.0,-238.0,BIRD.JK
2026-01-30,2502100000.0,23166900.0,510830691.0,5007900.0,0.0,732627286.0,24719100.0,172074.0,0.0,303018.0,1296826969.0,0.0,79981618.0,6609106.0,34507767.0,361400.0,49191847.0,14467718.0,0.0,30133575.0,215253031.0,15706.0,39.0,BIRD.JK
2025-12-30,3691137517.0,13312600.0,1798608077.0,19584173.0,0.0,1227636893.0,44033291.0,9613610.0,4929529.0,11100.0,3117729273.0,0.0,13612293.0,14085400.0,130455269.0,114799300.0,82206367.0,116325715.0,0.0,101923900.0,573408244.0,14058.0,95.0,ASSA.JK
2025-11-28,3691137517.0,13299400.0,1789049677.0,21712873.0,0.0,1368882718.0,40772091.0,1122485.0,5210429.0,100100.0,3240149773.0,0.0,11537593.0,10312900.0,130206269.0,2257200.0,76089767.0,114372815.0,0.0,106211200.0,450987744.0,13963.0,-342.0,ASSA.JK
2025-10-31,3691137517.0,9667700.0,1787975277.0,21688173.0,0.0,1390472047.0,44193991.0,5916185.0,6611400.0,100.0,3266524873.0,0.0,9605593.0,6080700.0,126896169.0,2498000.0,69515267.0,115359015.0,0.0,94657900.0,424612644.0,14305.0,-59.0,ASSA.JK
2025-09-30,3691137517.0,15028500.0,1793095277.0,24957873.0,0.0,1410502347.0,62856791.0,1191085.0,8425500.0,100.0,3316057473.0,0.0,7196677.0,4415700.0,92425252.0,5030900.0,67715600.0,113431515.0,0.0,84864400.0,375080044.0,14246.0,,ASSA.JK
2025-08-29,3691137517.0,15410100.0,1796524577.0,25218973.0,0.0,1439074747.0,57579991.0,1242585.0,8425500.0,100.0,3343476573.0,0.0,4076277.0,3358300.0,85432952.0,4932100.0,55758500.0,110245815.0,0.0,83857000.0,347660944.0,,,ASSA.JK
2025-07-31,3691137517.0,18000300.0,1799270977.0,26616973.0,0.0,1439387547.0,67190891.0,1448285.0,10964800.0,100.0,3362879873.0,0.0,4613177.0,168300.0,85474452.0,4923100.0,53866800.0,107923715.0,0.0,71288100.0,328257644.0,,,ASSA.JK
2025-06-30,3691137517.0,15437500.0,1798186577.0,22852173.0,0.0,1445688347.0,68435691.0,1476685.0,12903300.0,100.0,3364980373.0,0.0,4268377.0,168300.0,82717252.0,4683100.0,35660400.0,106137715.0,0.0,92522000.0,326157144.0,,,ASSA.JK
2025-05-28,3691137517.0,12488100.0,1802987377.0,18230573.0,0.0,1459952247.0,79063491.0,2885.0,13041200.0,100.0,3385765973.0,0.0,2591207.0,168300.0,64528745.0,4048900.0,34947800.0,101548115.0,0.0,97538477.0,305371544.0,,,ASSA.JK
2025-04-30,3691137517.0,11948700.0,1806628877.0,18562273.0,0.0,1339056547.0,91807291.0,1469185.0,11906200.0,100.0,3281379173.0,0.0,2461207.0,168300.0,173064045.0,3734900.0,30703700.0,100137715.0,0.0,99488477.0,409758344.0,,,ASSA.JK
2025-03-27,3691137517.0,11978900.0,1800172677.0,18784873.0,0.0,1338860647.0,94075591.0,2092885.0,11426200.0,100.0,3277391873.0,0.0,3023907.0,168300.0,171132745.0,3761000.0,36140100.0,100135115.0,0.0,99384477.0,413745644.0,,,ASSA.JK
2025-02-28,3691137517.0,11428300.0,1801508177.0,18784873.0,0.0,1410956291.0,93067091.0,2084241.0,10745100.0,100.0,3348574173.0,0.0,3865207.0,168300.0,94803745.0,3734000.0,40473900.0,100133715.0,0.0,99384477.0,342563344.0,,,ASSA.JK
2025-01-31,3691137517.0,10624200.0,1806740377.0,19144373.0,0.0,1423481191.0,75173891.0,2090741.0,9508700.0,100.0,3346763573.0,0.0,3865207.0,0.0,93563745.0,3754000.0,43864500.0,100133715.0,0.0,99192777.0,344373944.0,,,ASSA.JK
2026-08-31,3691137517.0,10895200.0,1824701777.0,15613373.0,0.0,1403227744.0,39620091.0,959842.0,3109529.0,13600.0,3298141156.0,0.0,9797580.0,6452460.0,68721705.0,95554700.0,55641860.0,120248579.0,0.0,36579477.0,392996361.0,,,ASSA.JK
2026-07-31,3691137517.0,9554200.0,1822034577.0,15613373.0,0.0,1369955744.0,40167591.0,954842.0,3109529.0,10600.0,3261400456.0,0.0,12561880.0,9238760.0,83478305.0,94823300.0,61421760.0,118635079.0,0.0,49577977.0,429737061.0,15533.0,547.0,ASSA.JK
2026-06-30,3691137517.0,11964500.0,1816107977.0,16701373.0,0.0,1304126644.0,44744091.0,873342.0,3109529.0,100.0,3197627556.0,0.0,13087680.0,9413700.0,146407669.0,86269000.0,66199520.0,113342315.0,0.0,58790077.0,493509961.0,14986.0,283.0,ASSA.JK
2026-05-29,3691137517.0,16299100.0,1809620377.0,16701373.0,0.0,1270043944.0,38580291.0,6051342.0,2658529.0,100.0,3159955056.0,0.0,13760257.0,12587900.0,138331969.0,87111000.0,83539520.0,111436215.0,0.0,84415600.0,531182461.0,14703.0,814.0,ASSA.JK
2026-04-30,3691137517.0,15734600.0,1807283077.0,16640373.0,0.0,1236602744.0,44481391.0,1039622.0,2319729.0,100.0,3124101636.0,0.0,16083577.0,13124200.0,136649369.0,88034300.0,108523220.0,109027215.0,0.0,95594000.0,567035881.0,13889.0,733.0,ASSA.JK
2026-03-31,3691137517.0,19771000.0,1805127377.0,18232373.0,0.0,1202690444.0,56060091.0,8957342.0,3644229.0,100.0,3114482956.0,0.0,15516877.0,14926600.0,120524669.0,85947100.0,135358100.0,109245215.0,0.0,95136000.0,576654561.0,13156.0,182.0,ASSA.JK
2026-02-27,3691137517.0,19771000.0,1803333877.0,16582373.0,0.0,1201875293.0,47903391.0,1002893.0,3644229.0,100.0,3094113156.0,0.0,16128410.0,14926600.0,133821569.0,86207100.0,137192667.0,111472615.0,0.0,97275400.0,597024361.0,12974.0,-591.0,ASSA.JK
2026-01-30,3691137517.0,19966200.0,1799719477.0,16565473.0,0.0,1221673793.0,48424491.0,991393.0,3644229.0,100.0,3110985156.0,0.0,14600610.0,14926600.0,125027769.0,97975100.0,118503467.0,110280015.0,0.0,98838800.0,580152361.0,13565.0,-493.0,ASSA.JK
2025-12-30,10849262500.0,0.0,10172073889.0,0.0,0.0,610443706.0,18080700.0,1484983.0,0.0,99036.0,10802182314.0,0.0,100.0,0.0,30845721.0,339000.0,0.0,644865.0,0.0,15243000.0,47072686.0,14121.0,6565.0,IMJS.JK
2025-11-28,8654325000.0,0.0,8125188571.0,0.0,0.0,448006690.0,25034500.0,1684862.0,0.0,75012.0,8599989635.0,0.0,5354800.0,0.0,28018100.0,102100.0,0.0,5609865.0,0.0,15243000.0,54327865.0,7556.0,279.0,IMJS.JK
2025-10-31,8654325000.0,791800.0,8124387971.0,12685100.0,0.0,452088790.0,25034500.0,1276762.0,50000.0,75012.0,8616389935.0,0.0,200.0,0.0,18385500.0,102100.0,0.0,4196765.0,0.0,15243000.0,37927565.0,7277.0,-131.0,IMJS.JK
2025-09-30,8654325000.0,1291800.0,8123658671.0,24880300.0,0.0,458831390.0,25034500.0,1381962.0,0.0,75012.0,8635153635.0,0.0,200.0,0.0,3345700.0,232100.0,0.0,342865.0,0.0,15243000.0,19163865.0,7146.0,,IMJS.JK
2025-08-29,8654325000.0,1291800.0,8129948671.0,24880300.0,0.0,454337590.0,25034500.0,1215262.0,0.0,75012.0,8636783135.0,0.0,5200.0,0.0,2041200.0,232100.0,0.0,12865.0,0.0,15243000.0,17534365.0,,,IMJS.JK
2025-07-31,8654325000.0,1291800.0,8122538671.0,24880300.0,0.0,462590990.0,25034500.0,1214262.0,0.0,75012.0,8637625535.0,0.0,100.0,0.0,458400.0,990400.0,0.0,65.0,0.0,15243000.0,16691965.0,,,IMJS.JK
2025-06-30,8654325000.0,1291800.0,8122088771.0,24880300.0,0.0,457115990.0,25034500.0,1201362.0,0.0,75012.0,8631687735.0,0.0,7800.0,0.0,6286300.0,122100.0,0.0,970565.0,0.0,15243000.0,22629765.0,,,IMJS.JK
2025-05-28,8654325000.0,24096300.0,8122088671.0,24880300.0,0.0,450884490.0,2230000.0,1189262.0,0.0,75012.0,8625444035.0,0.0,110300.0,0.0,11949900.0,122100.0,0.0,1448165.0,0.0,15243000.0,28873465.0,,,IMJS.JK
2025-04-30,8654325000.0,24096300.0,8122169771.0,24880300.0,0.0,452871190.0,2230000.0,1189262.0,0.0,75012.0,8627511835.0,0.0,85000.0,0.0,10316100.0,122100.0,0.0,1039465.0,0.0,15243000.0,26805665.0,,,IMJS.JK
2025-03-27,8654325000.0,24096300.0,8122093671.0,24880300.0,0.0,463019390.0,2230000.0,1189262.0,0.0,75012.0,8637583935.0,0.0,100.0,0.0,1337500.0,152100.0,0.0,865.0,0.0,15243000.0,16733565.0,,,IMJS.JK
2025-02-28,8654325000.0,24096300.0,8122358671.0,24880300.0,0.0,463275190.0,2230000.0,1164262.0,0.0,75012.0,8638079735.0,0.0,100.0,0.0,702500.0,292100.0,0.0,65.0,0.0,15243000.0,16237765.0,,,IMJS.JK
2025-01-31,8654325000.0,24096300.0,8122110371.0,24880300.0,0.0,452333590.0,10230000.0,1164262.0,0.0,75012.0,8634889835.0,0.0,100.0,0.0,4077400.0,107100.0,0.0,65.0,0.0,15243000.0,19427665.0,,,IMJS.JK
2026-08-31,10849262500.0,0.0,10175962789.0,0.0,0.0,615817626.0,29430700.0,1639891.0,72.0,99036.0,10822950114.0,0.0,100.0,0.0,10638221.0,423500.0,0.0,65.0,0.0,15243000.0,26304886.0,,,IMJS.JK
2026-07-31,10849262500.0,0.0,10176117689.0,0.0,0.0,614226626.0,29195700.0,1639891.0,72.0,99036.0,10821279014.0,0.0,100.0,0.0,12309621.0,422300.0,0.0,965.0,0.0,15243000.0,27975986.0,12447.0,-138.0,IMJS.JK
2026-06-30,10849262500.0,0.0,10176117589.0,0.0,0.0,613224326.0,28830700.0,1589891.0,72.0,99036.0,10819861614.0,0.0,100.0,0.0,13649121.0,501100.0,0.0,65.0,0.0,15243000.0,29393386.0,12585.0,-287.0,IMJS.JK
2026-05-29,10849262500.0,0.0,10176606689.0,0.0,0.0,610882526.0,28185200.0,1593991.0,72.0,99036.0,10817367514.0,0.0,249300.0,0.0,15949321.0,444500.0,0.0,1365.0,0.0,15243000.0,31887486.0,12872.0,-628.0,IMJS.JK
2026-04-30,10849262500.0,0.0,10175710289.0,0.0,0.0,624039806.0,24130700.0,1564911.0,72.0,99036.0,10825544814.0,0.0,100.0,0.0,7613421.0,251100.0,0.0,602565.0,0.0,15243000.0,23710186.0,13500.0,582.0,IMJS.JK
2026-03-31,10849262500.0,0.0,10175130189.0,0.0,0.0,598484757.0,24730700.0,1564860.0,72.0,99036.0,10800009614.0,0.0,178400.0,0.0,33285721.0,470600.0,0.0,67665.0,0.0,15243000.0,49245386.0,12918.0,0.0,IMJS.JK
2026-02-27,10849262500.0,0.0,10174436189.0,0.0,0.0,591753183.0,24730700.0,1564934.0,72.0,99036.0,10792584114.0,0.0,100.0,0.0,38888721.0,485800.0,0.0,2053265.0,0.0,15243000.0,56670886.0,13522.0,-582.0,IMJS.JK
2026-01-30,10849262500.0,0.0,10174682689.0,0.0,0.0,591426798.0,21950700.0,1555019.0,72.0,99036.0,10789714314.0,0.0,44600.0,0.0,43305021.0,378800.0,0.0,569265.0,0.0,15243000.0,59540686.0,14104.0,-17.0,IMJS.JK
2025-12-30,3379487200.0,3797600.0,2954717700.0,6362100.0,0.0,402177000.0,7823900.0,0.0,0.0,0.0,3374878300.0,0.0,200000.0,0.0,3473300.0,583900.0,0.0,351700.0,0.0,0.0,4608900.0,13749.0,-1287.0,BLOG.JK
2025-11-28,3379487200.0,4132500.0,2956606300.0,6813600.0,0.0,395941900.0,10124100.0,0.0,0.0,0.0,3373618400.0,0.0,0.0,0.0,5047300.0,471500.0,0.0,350000.0,0.0,0.0,5868800.0,15036.0,-1050.0,BLOG.JK
2025-10-31,3379487200.0,4402200.0,2956625900.0,6813600.0,0.0,391321400.0,12728200.0,0.0,0.0,0.0,3371891300.0,0.0,0.0,0.0,7301400.0,276900.0,0.0,17600.0,0.0,0.0,7595900.0,16086.0,-2310.0,BLOG.JK
2025-09-30,3379487200.0,7742200.0,2954471400.0,6808100.0,0.0,379797000.0,21123500.0,0.0,0.0,0.0,3369942200.0,0.0,1188600.0,0.0,7259900.0,299400.0,0.0,797100.0,0.0,0.0,9545000.0,13776.0,,BLOG.JK
2025-08-29,3379487200.0,5734300.0,2953271900.0,5939800.0,0.0,404782000.0,2634400.0,0.0,0.0,0.0,3372362400.0,0.0,1353100.0,0.0,5287400.0,258000.0,0.0,226300.0,0.0,0.0,7124800.0,,,BLOG.JK
2025-07-31,3379487200.0,0.0,2953958100.0,0.0,0.0,421270900.0,0.0,0.0,0.0,0.0,3375229000.0,0.0,2272600.0,0.0,1800300.0,185300.0,0.0,0.0,0.0,0.0,4258200.0,,,BLOG.JK
2026-08-31,3379487200.0,0.0,2959957500.0,0.0,0.0,418246500.0,0.0,0.0,100.0,0.0,3378204100.0,0.0,200000.0,0.0,72800.0,660300.0,0.0,350000.0,0.0,0.0,1283100.0,,,BLOG.JK
2026-07-31,3379487200.0,0.0,2959757500.0,0.0,0.0,418220200.0,0.0,0.0,0.0,0.0,3377977700.0,0.0,200000.0,0.0,299200.0,660300.0,0.0,350000.0,0.0,0.0,1509500.0,10201.0,-306.0,BLOG.JK
2026-06-30,3379487200.0,60900.0,2956757200.0,993800.0,0.0,419989500.0,388500.0,0.0,0.0,0.0,3378189900.0,0.0,200000.0,0.0,87000.0,660300.0,0.0,350000.0,0.0,0.0,1297300.0,10507.0,-155.0,BLOG.JK
2026-05-29,3379487200.0,400800.0,2956757200.0,6362100.0,0.0,411692800.0,2841800.0,0.0,0.0,0.0,3378054700.0,0.0,200000.0,0.0,212200.0,670300.0,0.0,350000.0,0.0,0.0,1432500.0,10662.0,-309.0,BLOG.JK
2026-04-30,3379487200.0,1779700.0,2956756300.0,6362100.0,0.0,409018900.0,4203800.0,0.0,0.0,0.0,3378120800.0,0.0,200000.0,0.0,145700.0,670700.0,0.0,350000.0,0.0,0.0,1366400.0,10971.0,-317.0,BLOG.JK
2026-03-31,3379487200.0,2576100.0,2956717700.0,6362100.0,0.0,404642000.0,6869700.0,0.0,0.0,0.0,3377167600.0,0.0,200000.0,0.0,942700.0,826900.0,0.0,350000.0,0.0,0.0,2319600.0,11288.0,-580.0,BLOG.JK
2026-02-27,3379487200.0,2576100.0,2956717700.0,6362100.0,0.0,403874000.0,6869700.0,0.0,0.0,0.0,3376399600.0,0.0,200000.0,0.0,1710300.0,827300.0,0.0,350000.0,0.0,0.0,3087600.0,11868.0,-682.0,BLOG.JK
2026-01-30,3379487200.0,2576100.0,2954717700.0,6362100.0,0.0,405737000.0,7293400.0,0.0,0.0,0.0,3376686300.0,0.0,200000.0,0.0,1423200.0,827700.0,0.0,350000.0,0.0,0.0,2800900.0,12550.0,-1199.0,BLOG.JK
